[
  {
    "model": "core.social",
    "pk": 1000,
    "fields": {
      "name": "viber",
      "action": "viber://chat?number=%2B375291234567"
    }
  },
  {
    "model": "core.social",
    "pk": 1001,
    "fields": {
      "name": "vk",
      "action": "https://vk.com/cuprumberry"
    }
  },
  {
    "model": "core.social",
    "pk": 1003,
    "fields": {
      "name": "instagram",
      "action": "https://instagram.com/cuprumberry"
    }
  },
  {
    "model": "core.category",
    "pk": 10000,
    "fields": {
      "parent": null,
      "name": "Металл"
    }
  },
  {
    "model": "core.category",
    "pk": 10001,
    "fields": {
      "parent": 10000,
      "name": "Медь"
    }
  },
  {
    "model": "core.category",
    "pk": 20000,
    "fields": {
      "parent": null,
      "name": "Бижутерия"
    }
  },
  {
    "model": "core.category",
    "pk": 20001,
    "fields": {
      "parent": 20000,
      "name": "Броши"
    }
  },
  {
    "model": "core.category",
    "pk": 20002,
    "fields": {
      "parent": 20000,
      "name": "Кулоны"
    }
  },
  {
    "model": "core.category",
    "pk": 20003,
    "fields": {
      "parent": 20000,
      "name": "Серьги"
    }
  },
    {
    "model": "core.category",
    "pk": 20004,
    "fields": {
      "parent": 20000,
      "name": "Кольца"
    }
  },
  {
    "model": "core.category",
    "pk": 20005,
    "fields": {
      "parent": 20000,
      "name": "Браслеты"
    }
  },
    {
    "model": "core.category",
    "pk": 20006,
    "fields": {
      "parent": 20000,
      "name": "Шпильки"
    }
  },

  {
    "model": "core.category",
    "pk": 30000,
    "fields": {
      "parent": null,
      "name": "Основание"
    }
  },
  {
    "model": "core.category",
    "pk": 30001,
    "fields": {
      "parent": 30000,
      "name": "Дуб"
    }
  },
  {
    "model": "core.category",
    "pk": 30002,
    "fields": {
      "parent": 30000,
      "name": "Клён"
    }
  },
  {
    "model": "core.category",
    "pk": 30003,
    "fields": {
      "parent": 30000,
      "name": "Клён ясеневидный"
    }
  },
  {
    "model": "core.category",
    "pk": 30004,
    "fields": {
      "parent": 30000,
      "name": "Осина"
    }
  },
  {
    "model": "core.category",
    "pk": 30005,
    "fields": {
      "parent": 30000,
      "name": "Ольха"
    }
  },
  {
    "model": "core.category",
    "pk": 30006,
    "fields": {
      "parent": 30000,
      "name": "Физалис"
    }
  },
  {
    "model": "core.category",
    "pk": 30007,
    "fields": {
      "parent": 30000,
      "name": "Дуб остролистный"
    }
  },
    {
    "model": "core.category",
    "pk": 30008,
    "fields": {
      "parent": 30000,
      "name": "Подорожник"
    }
  },
  {
    "model": "core.product",
    "pk": 1,
    "fields": {
      "name": "Кулон из осины",
      "price": "40.00",
      "actual_price": null,
      "short_description": "Украшение сделано из настоящего листа осины, покрытого медью. Я очень люблю эти листья, они такие нарядные и можно часами рассматривать сеть их мелких прожилок.",
      "long_description": "Украшение сделано из настоящего листа осины, покрытого медью. Я очень люблю эти листья, они такие нарядные и можно часами рассматривать сеть их мелких прожилок.",
      "created_datetime": "2021-03-20T22:14:07Z",
      "created_by_id": -1,
      "categories": [
        10000,
        10001,
        20000,
        20002,
        30004
      ]
    }
  },
  {
    "model": "core.productimage",
    "pk": 1,
    "fields": {
      "product": 1,
      "title": "Кулон из листьев осины",
      "order": 0,
      "image": "images/кулон-осина-1-1.jpg",
      "created_datetime": "2021-03-24T20:43:39Z",
      "created_by_id": -1
    }
  },
  {
    "model": "core.productimage",
    "pk": 2,
    "fields": {
      "product": 1,
      "title": "Кулон из листьев осины",
      "order": 1,
      "image": "images/кулон-осина-1-2.jpg",
      "created_datetime": "2021-03-24T20:47:08Z",
      "created_by_id": -1
    }
  },
  {
    "model": "core.product",
    "pk": 2,
    "fields": {
      "name": "Брошь из листа дуба",
      "price": "38.40",
      "actual_price": null,
      "short_description": "Держа эту брошь в руках, я чувствую умиротворение и спокойствие. Возможно, потому, что само дерево дуба такое сильное и могучее, и его энергия ощущается даже в маленьком листике.",
      "long_description": "Держа эту брошь в руках, я чувствую умиротворение и спокойствие. Возможно, потому, что само дерево дуба такое сильное и могучее, и его энергия ощущается даже в маленьком листике.",
      "created_datetime": "2021-03-21T22:14:07Z",
      "created_by_id": -1,
      "categories": [
        10000,
        10001,
        20000,
        20001,
        30001
      ]
    }
  },
  {
    "model": "core.productimage",
    "pk": 3,
    "fields": {
      "product": 2,
      "title": "Брошь из листа дуба",
      "order": 0,
      "image": "images/брошь-дуб-1-1.jpg",
      "created_datetime": "2021-03-24T20:43:39Z",
      "created_by_id": -1
    }
  },
  {
    "model": "core.productimage",
    "pk": 4,
    "fields": {
      "product": 2,
      "title": "Брошь из листа дуба",
      "order": 1,
      "image": "images/брошь-дуб-1-2.jpg",
      "created_datetime": "2021-03-24T20:47:08Z",
      "created_by_id": -1
    }
  },
  {
    "model": "core.product",
    "pk": 3,
    "fields": {
      "name": "Кулон из физалиса",
      "price": "65.00",
      "actual_price": "49.00",
      "short_description": "Физалисы похожи на маленькие солнышки. У меня их целая коробочка сушеных, что мне особенно нравится, так то, что они сохраняют свой яркий цвет. Открываешь такую коробочку зимой и настроение поднимается от этих оранжевых сказочных фонариков.",
      "long_description": "Физалисы похожи на маленькие солнышки. У меня их целая коробочка сушеных, что мне особенно нравится, так то, что они сохраняют свой яркий цвет. Открываешь такую коробочку зимой и настроение поднимается от этих оранжевых сказочных фонариков.",
      "created_datetime": "2021-03-22T22:14:07Z",
      "created_by_id": -1,
      "categories": [
        10000,
        10001,
        20000,
        20002,
        30006
      ]
    }
  },
  {
    "model": "core.productimage",
    "pk": 4,
    "fields": {
      "product": 3,
      "title": "Кулон из физалиса",
      "order": 0,
      "image": "images/кулон-физалис-1-1.jpg",
      "created_datetime": "2021-03-24T20:43:39Z",
      "created_by_id": -1
    }
  },
  {
    "model": "core.productimage",
    "pk": 5,
    "fields": {
      "product": 3,
      "title": "Кулон из физалиса",
      "order": 1,
      "image": "images/кулон-физалис-1-2.jpg",
      "created_datetime": "2021-03-24T20:47:08Z",
      "created_by_id": -1
    }
  },
  {
    "model": "core.product",
    "pk": 4,
    "fields": {
      "name": "Серьги из осины",
      "price": "45.00",
      "actual_price": null,
      "short_description": "Эти осиновые листья летом я привезла с Ольманских болот, что находятся на границе Беларуси и Украины. Их там было на любой вкус, как и местных комаров. Пока меня съедали заживо, я выбирала эти листья, представляя, какие они получатся, если я выживу, конечно:) Поэтому если соберетесь поехать, обязательно берите репеллент. Мы, к сожалению, не подготовились, и я очень рада, что нам повстречались местные жители, которые щедро поделились этой спасительной жидкостью. Они говорят, что их комары почти не кусают, хотя на нас уже не было свободных мест. Наверное, комарам тоже интересно пробовать что-то новое, либо мы очень вкусные просто.\nА на последнем фото как раз я. Иду по экотропе.",
      "long_description": "Эти осиновые листья летом я привезла с Ольманских болот, что находятся на границе Беларуси и Украины. Их там было на любой вкус, как и местных комаров. Пока меня съедали заживо, я выбирала эти листья, представляя, какие они получатся, если я выживу, конечно:) Поэтому если соберетесь поехать, обязательно берите репеллент. Мы, к сожалению, не подготовились, и я очень рада, что нам повстречались местные жители, которые щедро поделились этой спасительной жидкостью. Они говорят, что их комары почти не кусают, хотя на нас уже не было свободных мест. Наверное, комарам тоже интересно пробовать что-то новое, либо мы очень вкусные просто.\nА на последнем фото как раз я. Иду по экотропе.",
      "created_datetime": "2021-03-22T22:14:07Z",
      "created_by_id": -1,
      "categories": [
        10000,
        10001,
        20000,
        20003,
        30004
      ]
    }
  },
  {
    "model": "core.productimage",
    "pk": 6,
    "fields": {
      "product": 4,
      "title": "Серьги из осины",
      "order": 0,
      "image": "images/серьги-осина-1-1.jpg",
      "created_datetime": "2021-03-24T20:43:39Z",
      "created_by_id": -1
    }
  },
  {
    "model": "core.productimage",
    "pk": 7,
    "fields": {
      "product": 4,
      "title": "Серьги из осины",
      "order": 1,
      "image": "images/серьги-осина-1-2.jpg",
      "created_datetime": "2021-03-24T20:47:08Z",
      "created_by_id": -1
    }
  },
  {
    "model": "core.productimage",
    "pk": 8,
    "fields": {
      "product": 4,
      "title": "Экотропа на Ольманских болотах",
      "order": 2,
      "image": "images/серьги-осина-1-3.jpg",
      "created_datetime": "2021-03-24T20:47:08Z",
      "created_by_id": -1
    }
  },
  {
    "model": "core.product",
    "pk": 5,
    "fields": {
      "name": "Кулон из ольхи",
      "price": "54.00",
      "actual_price": null,
      "short_description": "Вы видели, каким волшебным становится лес после дождя? Сейчас, работая с природными материалами, я обращаю внимание на такие вещи гораздо больше и мне жаль, что я не замечала этого великолепия раньше. В сверкающих каплях растения выглядят ещё более красочно и живо. Примерно таким я и встретила этот листик, да так и решила меднить - с капелькой дождя.\nА вот то, что это лист ольхи, я узнала только сегодня:)",
      "long_description": "Вы видели, каким волшебным становится лес после дождя? Сейчас, работая с природными материалами, я обращаю внимание на такие вещи гораздо больше и мне жаль, что я не замечала этого великолепия раньше. В сверкающих каплях растения выглядят ещё более красочно и живо. Примерно таким я и встретила этот листик, да так и решила меднить - с капелькой дождя.\nА вот то, что это лист ольхи, я узнала только сегодня:)",
      "created_datetime": "2021-03-26T22:14:07Z",
      "created_by_id": -1,
      "categories": [
        10000,
        10001,
        20000,
        20002,
        30005
      ]
    }
  },
  {
    "model": "core.productimage",
    "pk": 9,
    "fields": {
      "product": 5,
      "title": "Кулон из ольхи",
      "order": 0,
      "image": "images/кулон-ольха-1-1.jpg",
      "created_datetime": "2021-03-24T20:43:39Z",
      "created_by_id": -1
    }
  },
  {
    "model": "core.productimage",
    "pk": 10,
    "fields": {
      "product": 5,
      "title": "Кулон из ольхи",
      "order": 1,
      "image": "images/кулон-ольха-1-2.jpg",
      "created_datetime": "2021-03-24T20:47:08Z",
      "created_by_id": -1
    }
  },
  {
    "model": "core.product",
    "pk": 6,
    "fields": {
      "name": "Кулон из подорожника",
      "price": "49.00",
      "actual_price": null,
      "short_description": "Подорожник должен быть в аптечке у каждого человека, заботящегося о своем здоровье. Если у вас ещё нет, советую обзавестись как можно быстрее. Это лучшее средство при всех видах порезов и ссадин. В крайнем случае можно и при переломе приложить. Но к врачу лучше обратиться, конечно, вдруг приложили неправильно, пусть проверит.\nСрок годности не ограничен.",
      "long_description": "Подорожник должен быть в аптечке у каждого человека, заботящегося о своем здоровье. Если у вас ещё нет, советую обзавестись как можно быстрее. Это лучшее средство при всех видах порезов и ссадин. В крайнем случае можно и при переломе приложить. Но к врачу лучше обратиться, конечно, вдруг приложили неправильно, пусть проверит.\nСрок годности не ограничен.",
      "created_datetime": "2021-03-27T22:14:07Z",
      "created_by_id": -1,
      "categories": [
        10000,
        10001,
        20000,
        20002,
        30008
      ]
    }
  },
  {
    "model": "core.productimage",
    "pk": 11,
    "fields": {
      "product": 6,
      "title": "Кулон из подорожника",
      "order": 0,
      "image": "images/кулон-подорожник-1-1.jpg",
      "created_datetime": "2021-03-24T20:43:39Z",
      "created_by_id": -1
    }
  },
  {
    "model": "core.productimage",
    "pk": 12,
    "fields": {
      "product": 6,
      "title": "Кулон из подорожника",
      "order": 1,
      "image": "images/кулон-подорожник-1-2.jpg",
      "created_datetime": "2021-03-24T20:47:08Z",
      "created_by_id": -1
    }
  },
  {
    "model": "core.product",
    "pk": 7,
    "fields": {
      "name": "Брошь из остролистного дуба",
      "price": "48.00",
      "actual_price": null,
      "short_description": "Как ни странно, но это тоже дуб, только остролистный. Он растет недалеко от моего дома. В первый раз я обратила на него внимание, когда заметила жёлуди на земле. Я тогда ещё подумала, откуда они взялись тут, а потом присмотрелась: так их много, оказывается, а деревьев подходящих не видно. Всезнающий Google выручил и рассказал мне, что количество видов дуба исчисляется сотнями. Теперь на вопрос \"какие из деревьев я могу без труда отличить?\", дуб, наверное, мне отвечать не стоит\uD83D\uDE04",
      "long_description": "Как ни странно, но это тоже дуб, только остролистный. Он растет недалеко от моего дома. В первый раз я обратила на него внимание, когда заметила жёлуди на земле. Я тогда ещё подумала, откуда они взялись тут, а потом присмотрелась: так их много, оказывается, а деревьев подходящих не видно. Всезнающий Google выручил и рассказал мне, что количество видов дуба исчисляется сотнями. Теперь на вопрос \"какие из деревьев я могу без труда отличить?\", дуб, наверное, мне отвечать не стоит\uD83D\uDE04",
      "created_datetime": "2021-03-28T22:14:07Z",
      "created_by_id": -1,
      "categories": [
        10000,
        10001,
        20000,
        20001,
        30007
      ]
    }
  },
  {
    "model": "core.productimage",
    "pk": 13,
    "fields": {
      "product": 7,
      "title": "Кулон из остролистного дуба",
      "order": 0,
      "image": "images/брошь-дуб-остролистный-1-1.jpg",
      "created_datetime": "2021-03-24T20:43:39Z",
      "created_by_id": -1
    }
  },
  {
    "model": "core.productimage",
    "pk": 14,
    "fields": {
      "product": 7,
      "title": "Кулон из остролистного дуба",
      "order": 1,
      "image": "images/брошь-дуб-остролистный-1-2.jpg",
      "created_datetime": "2021-03-24T20:47:08Z",
      "created_by_id": -1
    }
  }
]